{
  "MSE": {
    "ridge": 383962.7370783562,
    "Polynomial_2": 375492.0636248082,
    "Polynomial_3": 368224.4855850243,
    "Polynomial_4": 375492.0636248082,
    "Decision_Tree": 724437.8468705547,
    "Random_Forest": 352182.8995096584,
    "Gradient_Boosting": 352812.9266277844,
    "XGBoost": 333013.3995872917,
    "LightGBM": 338069.2957298855,
    "CatBoost": 328953.8376293482,
    "AdaBoost": 389260.690261568
  },
  "MAE": {
    "ridge": 508.68381255644294,
    "Polynomial_2": 502.44672977854407,
    "Polynomial_3": 496.91332379992895,
    "Polynomial_4": 502.44672977854407,
    "Decision_Tree": 679.522972972973,
    "Random_Forest": 485.19381187766714,
    "Gradient_Boosting": 487.2259207621361,
    "XGBoost": 469.0730779178451,
    "LightGBM": 475.1942063646641,
    "CatBoost": 467.33532696579124,
    "AdaBoost": 520.1947133605787
  },
  "R2": {
    "ridge": 0.15226772655316534,
    "Polynomial_2": 0.17096970612296047,
    "Polynomial_3": 0.1870154310310549,
    "Polynomial_4": 0.17096970612296047,
    "Decision_Tree": -0.5994503726364946,
    "Random_Forest": 0.2224328528799565,
    "Gradient_Boosting": 0.22104184727028164,
    "XGBoost": 0.26475624049220425,
    "LightGBM": 0.25359357829251916,
    "CatBoost": 0.27371914588763946,
    "AdaBoost": 0.14057063862532693
  },
  "Explained_Variance": {
    "ridge": 0.15230884878297757,
    "Polynomial_2": 0.17099967688513873,
    "Polynomial_3": 0.18705072328411376,
    "Polynomial_4": 0.17099967688513873,
    "Decision_Tree": -0.5986496167732209,
    "Random_Forest": 0.22283020054971292,
    "Gradient_Boosting": 0.22105195810183176,
    "XGBoost": 0.26476404328288083,
    "LightGBM": 0.2535980271327867,
    "CatBoost": 0.27372821642416867,
    "AdaBoost": 0.15136212407220628
  },
  "Time": {
    "ridge": 0.00885549996746704,
    "Polynomial_2": 0.22864649997791275,
    "Polynomial_3": 1.0003318000235595,
    "Polynomial_4": 0.21153359999880195,
    "Decision_Tree": 0.9637394999735989,
    "Random_Forest": 62.016245600010734,
    "Gradient_Boosting": 13.04880339995725,
    "XGBoost": 0.21197689999826252,
    "LightGBM": 0.23891369998455048,
    "CatBoost": 5.084209400054533,
    "AdaBoost": 2.889189300010912
  }
}
