{"MSE": {"ridge": 383962.7370783562, "Polynomial_2": 375492.0636248082, "Polynomial_3": 368224.4855850243, "Polynomial_4": 602419.6180743469, "Decision_Tree": 719452.3292318635, "Random_Forest": 352586.41271310416, "Gradient_Boosting": 352812.92662778444, "XGBoost": 333013.3995872917, "LightGBM": 338069.2957298855, "CatBoost": 328953.8376293482, "AdaBoost": 391121.0736088077}, "MAE": {"ridge": 508.68381255644294, "Polynomial_2": 502.44672977854407, "Polynomial_3": 496.91332379992895, "Polynomial_4": 497.298112197235, "Decision_Tree": 676.6924608819346, "Random_Forest": 485.63593678283553, "Gradient_Boosting": 487.2259207621361, "XGBoost": 469.0730779178451, "LightGBM": 475.1942063646641, "CatBoost": 467.33532696579124, "AdaBoost": 521.8252458482036}, "R2": {"ridge": 0.15226772655316534, "Polynomial_2": 0.17096970612296047, "Polynomial_3": 0.1870154310310549, "Polynomial_4": -0.3300523803040869, "Decision_Tree": -0.5884430956431164, "Random_Forest": 0.22154195610198846, "Gradient_Boosting": 0.22104184727028153, "XGBoost": 0.26475624049220425, "LightGBM": 0.25359357829251916, "CatBoost": 0.27371914588763946, "AdaBoost": 0.13646319055253053}, "Explained_Variance": {"ridge": 0.15230884878297757, "Polynomial_2": 0.17099967688513873, "Polynomial_3": 0.18705072328411376, "Polynomial_4": -0.33005235912605024, "Decision_Tree": -0.5876228741064473, "Random_Forest": 0.22192119131225452, "Gradient_Boosting": 0.22105195810183176, "XGBoost": 0.26476404328288083, "LightGBM": 0.2535980271327867, "CatBoost": 0.27372821642416867, "AdaBoost": 0.14904762514791892}, "Time": {"ridge": 0.010064699978101999, "Polynomial_2": 0.31497260002652183, "Polynomial_3": 1.0419503999873996, "Polynomial_4": 4.567682700057048, "Decision_Tree": 0.9713685999740846, "Random_Forest": 61.92653729999438, "Gradient_Boosting": 12.966747099999338, "XGBoost": 0.21085360000142828, "LightGBM": 0.25555739999981597, "CatBoost": 5.127896499994677, "AdaBoost": 3.2098727999837138}}